{
  "bot-name": "PRINCE-MDXI",
  "description": "ᴊᴀᴠᴀsᴄʀɪᴘᴛ ᴡʜᴀᴛsᴀᴘᴘ ʙᴏᴛ ᴄʀᴇᴀᴛᴇᴅ ʙʏ ᴘʀɪɴᴄᴇ ᴛᴇᴄʜ",
  "logo": "https://raw.githubusercontent.com/Mayelprince/url/main/url/1264.jpg",
  "keywords": ["bot"],
  "documentation-link": "https://prince-session.onrender.com",
  "owner-verification": "princemayel99@gmail.com",
  
  "env": {
    "SESSION_ID": {
      "description": "Put your SESSION_ID here. Make sure it starts with prince-md-",
      "value": "",
      "required": true
    },
    "PREFIX": {
      "description": "Bot command prefix, (e.g, . , ! @ etc)",
      "value": ".",
      "required": true
    },
"OWNER_NAME": {
      "description": "Type Bot Owner Name( your name).",
      "required": false,
      "value": "ᴘʀɪɴᴄᴇ ᴛᴇᴄʜ"
}, 
    "OWNER_NUMBER": {
      "description": "put the owner number for bot(you number eg 237677224245).",
      "required": false,
      "value": "237677224245"
    }, 
    "MODE": {
      "description": "Bot mode can be public or private,  (in lowercase) (e.g., public)",
      "value": "private",
      "required": true
    }
  }
}
